{
  "equity_peak": 591.0786050253755,
  "current_equity": 495.7686142499895,
  "daily_pnl": -26.228293,
  "consecutive_losses": 3,
  "daily_fuse_triggered": false,
  "drawdown_fuse_triggered": false,
  "last_daily_reset": 0,
  "last_evaluation_ts": 1776323143967,
  "open_campaigns": {},
  "processed_fill_ids": [
    "1474732536",
    "2509334159",
    "2509019034",
    "2510056751",
    "2509400453",
    "2509305863",
    "1473987175",
    "2511406508",
    "2510475130",
    "2510725057",
    "2510100605",
    "2510718460",
    "2509019300",
    "2510685848",
    "2511293396",
    "1474735371",
    "2510727732",
    "2509957816",
    "2511283725",
    "2509016414",
    "2509400451",
    "2509400450",
    "2511270911",
    "2509369378",
    "1474734693",
    "2509258383",
    "2506557023",
    "2509400449",
    "2510075136",
    "2509305865",
    "1474181095",
    "2511303468",
    "2510035050",
    "2506562468",
    "2509305864",
    "2509305859",
    "2511239645",
    "2509016409",
    "2511348453",
    "2510464946",
    "2510339608",
    "2509067580",
    "2511339230",
    "2511359169",
    "1474735367",
    "2511320776",
    "2509067579",
    "2509995035",
    "2506538017",
    "2510725316",
    "2510464117",
    "2510678580",
    "1474736364",
    "1474735546",
    "2509400452",
    "2510464947",
    "1474735368",
    "1474735370",
    "2510678469",
    "2510481046",
    "1474685759",
    "2510012556",
    "2509164544",
    "1474735369",
    "2510475195",
    "2509198617",
    "2510682407",
    "2509019301",
    "2507172931",
    "1474735366",
    "1474735372",
    "2510466661",
    "2510120628",
    "1474735079",
    "2509049899",
    "2506551426",
    "2510725144",
    "1474735188",
    "2510466497",
    "2506546129",
    "2509305862",
    "2510120530",
    "2509400448",
    "2509400447",
    "2509400446",
    "2509019005",
    "2509015149",
    "1474735373",
    "1474734366",
    "1474735080",
    "2509121675",
    "2511311111",
    "2509400454",
    "2509305860",
    "2509015404",
    "2509305861",
    "1474734649",
    "1474735589",
    "2509069864"
  ],
  "last_trade_review_ts": 1776210362992
}